chrom	start_pos	end_pos	size	Contacts	Contact_frequency_with_chr5_100000-110000
chr1	0	10000	10000	4	2.39E-04
chr1	10000	20000	10000	4	2.39E-04
chr1	20000	30000	10000	1	5.96E-05
chr1	30000	40000	10000	11	6.56E-04
chr1	40000	50000	10000	15	8.95E-04
chr1	50000	60000	10000	7	4.17E-04
chr1	60000	70000	10000	13	7.75E-04
chr1	70000	80000	10000	12	7.16E-04
chr1	80000	90000	10000	21	1.25E-03
chr1	90000	100000	10000	18	1.07E-03
chr1	100000	110000	10000	21	1.25E-03
chr1	110000	120000	10000	11	6.56E-04
chr1	120000	130000	10000	22	1.31E-03
chr1	130000	140000	10000	17	1.01E-03
chr1	140000	150000	10000	11	6.56E-04
chr1	150000	160000	10000	11	6.56E-04
chr1	160000	170000	10000	8	4.77E-04
chr1	170000	180000	10000	11	6.56E-04
chr1	180000	190000	10000	15	8.95E-04
chr1	190000	200000	10000	11	6.56E-04
chr1	200000	210000	10000	1	5.96E-05
chr1	210000	220000	10000	1	5.96E-05
chr1	220000	230000	10000	1	5.96E-05
chr2	0	10000	10000	2	1.19E-04
chr2	10000	20000	10000	4	2.39E-04
chr2	20000	30000	10000	2	1.19E-04
chr2	30000	40000	10000	4	2.39E-04
chr2	40000	50000	10000	9	5.37E-04
chr2	50000	60000	10000	5	2.98E-04
chr2	60000	70000	10000	4	2.39E-04
chr2	70000	80000	10000	11	6.56E-04
chr2	80000	90000	10000	4	2.39E-04
chr2	90000	100000	10000	7	4.17E-04
chr2	100000	110000	10000	13	7.75E-04
chr2	110000	120000	10000	5	2.98E-04
chr2	120000	130000	10000	8	4.77E-04
chr2	130000	140000	10000	4	2.39E-04
chr2	140000	150000	10000	11	6.56E-04
chr2	150000	160000	10000	16	9.54E-04
chr2	160000	170000	10000	13	7.75E-04
chr2	170000	180000	10000	11	6.56E-04
chr2	180000	190000	10000	11	6.56E-04
chr2	190000	200000	10000	13	7.75E-04
chr2	200000	210000	10000	22	1.31E-03
chr2	210000	220000	10000	13	7.75E-04
chr2	220000	230000	10000	9	5.37E-04
chr2	230000	240000	10000	12	7.16E-04
chr2	240000	250000	10000	21	1.25E-03
chr2	250000	260000	10000	11	6.56E-04
chr2	260000	270000	10000	6	3.58E-04
chr2	270000	280000	10000	9	5.37E-04
chr2	280000	290000	10000	13	7.75E-04
chr2	290000	300000	10000	8	4.77E-04
chr2	300000	310000	10000	12	7.16E-04
chr2	310000	320000	10000	7	4.17E-04
chr2	320000	330000	10000	4	2.39E-04
chr2	330000	340000	10000	9	5.37E-04
chr2	340000	350000	10000	6	3.58E-04
chr2	350000	360000	10000	8	4.77E-04
chr2	360000	370000	10000	9	5.37E-04
chr2	370000	380000	10000	2	1.19E-04
chr2	380000	390000	10000	4	2.39E-04
chr2	390000	400000	10000	3	1.79E-04
chr2	400000	410000	10000	3	1.79E-04
chr2	410000	420000	10000	5	2.98E-04
chr2	420000	430000	10000	4	2.39E-04
chr2	430000	440000	10000	1	5.96E-05
chr2	440000	450000	10000	3	1.79E-04
chr2	450000	460000	10000	8	4.77E-04
chr2	460000	470000	10000	3	1.79E-04
chr2	470000	480000	10000	3	1.79E-04
chr2	480000	490000	10000	2	1.19E-04
chr2	490000	500000	10000	3	1.79E-04
chr2	500000	510000	10000	5	2.98E-04
chr2	510000	520000	10000	6	3.58E-04
chr2	520000	530000	10000	6	3.58E-04
chr2	530000	540000	10000	1	5.96E-05
chr2	540000	550000	10000	3	1.79E-04
chr2	550000	560000	10000	1	5.96E-05
chr2	560000	570000	10000	1	5.96E-05
chr2	570000	580000	10000	3	1.79E-04
chr2	580000	590000	10000	2	1.19E-04
chr2	590000	600000	10000	5	2.98E-04
chr2	600000	610000	10000	1	5.96E-05
chr2	610000	620000	10000	1	5.96E-05
chr2	620000	630000	10000	3	1.79E-04
chr2	630000	640000	10000	7	4.17E-04
chr2	640000	650000	10000	5	2.98E-04
chr2	650000	660000	10000	3	1.79E-04
chr2	660000	670000	10000	1	5.96E-05
chr2	670000	680000	10000	4	2.39E-04
chr2	680000	690000	10000	2	1.19E-04
chr2	690000	700000	10000	1	5.96E-05
chr2	700000	710000	10000	4	2.39E-04
chr2	710000	720000	10000	6	3.58E-04
chr2	720000	730000	10000	3	1.79E-04
chr2	730000	740000	10000	1	5.96E-05
chr2	740000	750000	10000	1	5.96E-05
chr2	750000	760000	10000	5	2.98E-04
chr2	760000	770000	10000	5	2.98E-04
chr2	770000	780000	10000	6	3.58E-04
chr2	780000	790000	10000	2	1.19E-04
chr2	790000	800000	10000	3	1.79E-04
chr2	800000	810000	10000	4	2.39E-04
chr2	810000	813184	3184	1	5.96E-05
chr3	0	10000	10000	1	5.96E-05
chr3	10000	20000	10000	3	1.79E-04
chr3	20000	30000	10000	4	2.39E-04
chr3	30000	40000	10000	11	6.56E-04
chr3	40000	50000	10000	13	7.75E-04
chr3	50000	60000	10000	19	1.13E-03
chr3	60000	70000	10000	14	8.35E-04
chr3	70000	80000	10000	15	8.95E-04
chr3	80000	90000	10000	12	7.16E-04
chr3	90000	100000	10000	16	9.54E-04
chr3	100000	110000	10000	13	7.75E-04
chr3	110000	120000	10000	14	8.35E-04
chr3	120000	130000	10000	14	8.35E-04
chr3	130000	140000	10000	19	1.13E-03
chr3	140000	150000	10000	21	1.25E-03
chr3	150000	160000	10000	16	9.54E-04
chr3	160000	170000	10000	11	6.56E-04
chr3	170000	180000	10000	6	3.58E-04
chr3	180000	190000	10000	7	4.17E-04
chr3	190000	200000	10000	3	1.79E-04
chr3	200000	210000	10000	7	4.17E-04
chr3	210000	220000	10000	9	5.37E-04
chr3	220000	230000	10000	11	6.56E-04
chr3	230000	240000	10000	7	4.17E-04
chr3	240000	250000	10000	6	3.58E-04
chr3	250000	260000	10000	8	4.77E-04
chr3	260000	270000	10000	8	4.77E-04
chr3	270000	280000	10000	4	2.39E-04
chr3	280000	290000	10000	2	1.19E-04
chr3	290000	300000	10000	29	1.73E-03
chr3	300000	310000	10000	7	4.17E-04
chr3	310000	316620	6620	1	5.96E-05
chr4	0	10000	10000	1	5.96E-05
chr4	10000	20000	10000	3	1.79E-04
chr4	20000	30000	10000	2	1.19E-04
chr4	30000	40000	10000	3	1.79E-04
chr4	40000	50000	10000	3	1.79E-04
chr4	50000	60000	10000	1	5.96E-05
chr4	60000	70000	10000	3	1.79E-04
chr4	70000	80000	10000	7	4.17E-04
chr4	80000	90000	10000	6	3.58E-04
chr4	90000	100000	10000	3	1.79E-04
chr4	100000	110000	10000	2	1.19E-04
chr4	110000	120000	10000	4	2.39E-04
chr4	120000	130000	10000	7	4.17E-04
chr4	130000	140000	10000	2	1.19E-04
chr4	140000	150000	10000	3	1.79E-04
chr4	150000	160000	10000	2	1.19E-04
chr4	160000	170000	10000	1	5.96E-05
chr4	170000	180000	10000	4	2.39E-04
chr4	180000	190000	10000	1	5.96E-05
chr4	190000	200000	10000	6	3.58E-04
chr4	200000	210000	10000	1	5.96E-05
chr4	210000	220000	10000	6	3.58E-04
chr4	220000	230000	10000	2	1.19E-04
chr4	230000	240000	10000	5	2.98E-04
chr4	240000	250000	10000	5	2.98E-04
chr4	250000	260000	10000	5	2.98E-04
chr4	260000	270000	10000	4	2.39E-04
chr4	270000	280000	10000	8	4.77E-04
chr4	280000	290000	10000	11	6.56E-04
chr4	290000	300000	10000	4	2.39E-04
chr4	300000	310000	10000	4	2.39E-04
chr4	310000	320000	10000	5	2.98E-04
chr4	320000	330000	10000	9	5.37E-04
chr4	330000	340000	10000	6	3.58E-04
chr4	340000	350000	10000	6	3.58E-04
chr4	350000	360000	10000	11	6.56E-04
chr4	360000	370000	10000	7	4.17E-04
chr4	370000	380000	10000	8	4.77E-04
chr4	380000	390000	10000	21	1.25E-03
chr4	390000	400000	10000	11	6.56E-04
chr4	400000	410000	10000	21	1.25E-03
chr4	410000	420000	10000	16	9.54E-04
chr4	420000	430000	10000	11	6.56E-04
chr4	430000	440000	10000	13	7.75E-04
chr4	440000	450000	10000	13	7.75E-04
chr4	450000	460000	10000	12	7.16E-04
chr4	460000	470000	10000	11	6.56E-04
chr4	470000	480000	10000	16	9.54E-04
chr4	480000	490000	10000	23	1.37E-03
chr4	490000	500000	10000	14	8.35E-04
chr4	500000	510000	10000	6	3.58E-04
chr4	510000	520000	10000	7	4.17E-04
chr4	520000	530000	10000	4	2.39E-04
chr4	530000	540000	10000	1	5.96E-05
chr4	540000	550000	10000	8	4.77E-04
chr4	550000	560000	10000	2	1.19E-04
chr4	560000	570000	10000	9	5.37E-04
chr4	570000	580000	10000	2	1.19E-04
chr4	580000	590000	10000	5	2.98E-04
chr4	590000	600000	10000	2	1.19E-04
chr4	600000	610000	10000	3	1.79E-04
chr4	610000	620000	10000	3	1.79E-04
chr4	620000	630000	10000	6	3.58E-04
chr4	630000	640000	10000	8	4.77E-04
chr4	640000	650000	10000	1	5.96E-05
chr4	650000	660000	10000	1	5.96E-05
chr4	660000	670000	10000	3	1.79E-04
chr4	670000	680000	10000	3	1.79E-04
chr4	680000	690000	10000	2	1.19E-04
chr4	690000	700000	10000	4	2.39E-04
chr4	700000	710000	10000	2	1.19E-04
chr4	710000	720000	10000	1	5.96E-05
chr4	720000	730000	10000	4	2.39E-04
chr4	730000	740000	10000	1	5.96E-05
chr4	740000	750000	10000	2	1.19E-04
chr4	750000	760000	10000	1	5.96E-05
chr4	760000	770000	10000	2	1.19E-04
chr4	770000	780000	10000	3	1.79E-04
chr4	780000	790000	10000	1	5.96E-05
chr4	790000	800000	10000	2	1.19E-04
chr4	800000	810000	10000	1	5.96E-05
chr4	810000	820000	10000	1	5.96E-05
chr4	820000	830000	10000	7	4.17E-04
chr4	830000	840000	10000	3	1.79E-04
chr4	840000	850000	10000	4	2.39E-04
chr4	850000	860000	10000	1	5.96E-05
chr4	860000	870000	10000	2	1.19E-04
chr4	870000	880000	10000	1	5.96E-05
chr4	880000	890000	10000	1	5.96E-05
chr4	890000	900000	10000	3	1.79E-04
chr4	900000	910000	10000	4	2.39E-04
chr4	910000	920000	10000	1	5.96E-05
chr4	920000	930000	10000	4	2.39E-04
chr4	930000	940000	10000	2	1.19E-04
chr4	940000	950000	10000	3	1.79E-04
chr4	950000	960000	10000	4	2.39E-04
chr4	960000	970000	10000	1	5.96E-05
chr4	970000	980000	10000	1	5.96E-05
chr4	980000	990000	10000	1	5.96E-05
chr4	990000	1000000	10000	2	1.19E-04
chr4	1000000	1010000	10000	1	5.96E-05
chr4	1010000	1020000	10000	2	1.19E-04
chr4	1020000	1030000	10000	1	5.96E-05
chr4	1030000	1040000	10000	4	2.39E-04
chr4	1040000	1050000	10000	2	1.19E-04
chr4	1050000	1060000	10000	2	1.19E-04
chr4	1060000	1070000	10000	1	5.96E-05
chr4	1070000	1080000	10000	4	2.39E-04
chr4	1080000	1090000	10000	1	5.96E-05
chr4	1090000	1100000	10000	1	5.96E-05
chr4	1100000	1110000	10000	3	1.79E-04
chr4	1110000	1120000	10000	3	1.79E-04
chr4	1120000	1130000	10000	2	1.19E-04
chr4	1130000	1140000	10000	1	5.96E-05
chr4	1140000	1150000	10000	1	5.96E-05
chr4	1150000	1160000	10000	4	2.39E-04
chr4	1160000	1170000	10000	1	5.96E-05
chr4	1170000	1180000	10000	4	2.39E-04
chr4	1180000	1190000	10000	1	5.96E-05
chr4	1190000	1200000	10000	2	1.19E-04
chr4	1200000	1210000	10000	1	5.96E-05
chr4	1210000	1220000	10000	1	5.96E-05
chr4	1220000	1230000	10000	2	1.19E-04
chr4	1230000	1240000	10000	4	2.39E-04
chr4	1240000	1250000	10000	1	5.96E-05
chr4	1250000	1260000	10000	1	5.96E-05
chr4	1260000	1270000	10000	3	1.79E-04
chr4	1270000	1280000	10000	4	2.39E-04
chr4	1280000	1290000	10000	1	5.96E-05
chr4	1290000	1300000	10000	2	1.19E-04
chr4	1300000	1310000	10000	1	5.96E-05
chr4	1310000	1320000	10000	5	2.98E-04
chr4	1320000	1330000	10000	2	1.19E-04
chr4	1330000	1340000	10000	2	1.19E-04
chr4	1340000	1350000	10000	1	5.96E-05
chr4	1350000	1360000	10000	3	1.79E-04
chr4	1360000	1370000	10000	1	5.96E-05
chr4	1370000	1380000	10000	1	5.96E-05
chr4	1380000	1390000	10000	4	2.39E-04
chr4	1390000	1400000	10000	1	5.96E-05
chr4	1400000	1410000	10000	1	5.96E-05
chr4	1410000	1420000	10000	2	1.19E-04
chr4	1420000	1430000	10000	5	2.98E-04
chr4	1430000	1440000	10000	4	2.39E-04
chr4	1440000	1450000	10000	1	5.96E-05
chr4	1450000	1460000	10000	1	5.96E-05
chr4	1460000	1470000	10000	1	5.96E-05
chr4	1470000	1480000	10000	2	1.19E-04
chr4	1480000	1490000	10000	1	5.96E-05
chr4	1490000	1500000	10000	2	1.19E-04
chr4	1500000	1510000	10000	4	2.39E-04
chr4	1510000	1520000	10000	4	2.39E-04
chr4	1520000	1530000	10000	1	5.96E-05
chr4	1530000	1531933	1933	1	5.96E-05
chr5	0	10000	10000	17	1.01E-03
chr5	10000	20000	10000	54	3.22E-03
chr5	20000	30000	10000	62	3.70E-03
chr5	30000	40000	10000	78	4.65E-03
chr5	40000	50000	10000	85	5.07E-03
chr5	50000	60000	10000	116	6.92E-03
chr5	60000	70000	10000	143	8.53E-03
chr5	70000	80000	10000	254	1.51E-02
chr5	80000	90000	10000	416	2.48E-02
chr5	90000	100000	10000	839	5.00E-02
chr5	100000	110000	10000	2491	1.49E-01
chr5	110000	120000	10000	2176	1.30E-01
chr5	120000	130000	10000	1215	7.25E-02
chr5	130000	140000	10000	616	3.67E-02
chr5	140000	150000	10000	152	9.06E-03
chr5	150000	160000	10000	95	5.67E-03
chr5	160000	170000	10000	78	4.65E-03
chr5	170000	180000	10000	91	5.43E-03
chr5	180000	190000	10000	112	6.68E-03
chr5	190000	200000	10000	82	4.89E-03
chr5	200000	210000	10000	63	3.76E-03
chr5	210000	220000	10000	55	3.28E-03
chr5	220000	230000	10000	53	3.16E-03
chr5	230000	240000	10000	43	2.56E-03
chr5	240000	250000	10000	27	1.61E-03
chr5	250000	260000	10000	27	1.61E-03
chr5	260000	270000	10000	19	1.13E-03
chr5	270000	280000	10000	12	7.16E-04
chr5	280000	290000	10000	16	9.54E-04
chr5	290000	300000	10000	15	8.95E-04
chr5	300000	310000	10000	11	6.56E-04
chr5	310000	320000	10000	14	8.35E-04
chr5	320000	330000	10000	11	6.56E-04
chr5	330000	340000	10000	5	2.98E-04
chr5	340000	350000	10000	12	7.16E-04
chr5	350000	360000	10000	11	6.56E-04
chr5	360000	370000	10000	11	6.56E-04
chr5	370000	380000	10000	9	5.37E-04
chr5	380000	390000	10000	5	2.98E-04
chr5	390000	400000	10000	7	4.17E-04
chr5	400000	410000	10000	11	6.56E-04
chr5	410000	420000	10000	6	3.58E-04
chr5	420000	430000	10000	7	4.17E-04
chr5	430000	440000	10000	4	2.39E-04
chr5	440000	450000	10000	3	1.79E-04
chr5	450000	460000	10000	6	3.58E-04
chr5	460000	470000	10000	2	1.19E-04
chr5	470000	480000	10000	1	5.96E-05
chr5	480000	490000	10000	1	5.96E-05
chr5	490000	500000	10000	3	1.79E-04
chr5	500000	510000	10000	4	2.39E-04
chr5	510000	520000	10000	2	1.19E-04
chr5	520000	530000	10000	5	2.98E-04
chr5	530000	540000	10000	7	4.17E-04
chr5	540000	550000	10000	2	1.19E-04
chr5	550000	560000	10000	3	1.79E-04
chr5	560000	570000	10000	5	2.98E-04
chr5	570000	576874	6874	1	5.96E-05
chr6	0	10000	10000	1	5.96E-05
chr6	10000	20000	10000	1	5.96E-05
chr6	20000	30000	10000	6	3.58E-04
chr6	30000	40000	10000	6	3.58E-04
chr6	40000	50000	10000	7	4.17E-04
chr6	50000	60000	10000	11	6.56E-04
chr6	60000	70000	10000	11	6.56E-04
chr6	70000	80000	10000	12	7.16E-04
chr6	80000	90000	10000	4	2.39E-04
chr6	90000	100000	10000	11	6.56E-04
chr6	100000	110000	10000	18	1.07E-03
chr6	110000	120000	10000	13	7.75E-04
chr6	120000	130000	10000	17	1.01E-03
chr6	130000	140000	10000	11	6.56E-04
chr6	140000	150000	10000	8	4.77E-04
chr6	150000	160000	10000	15	8.95E-04
chr6	160000	170000	10000	15	8.95E-04
chr6	170000	180000	10000	24	1.43E-03
chr6	180000	190000	10000	17	1.01E-03
chr6	190000	200000	10000	12	7.16E-04
chr6	200000	210000	10000	14	8.35E-04
chr6	210000	220000	10000	17	1.01E-03
chr6	220000	230000	10000	15	8.95E-04
chr6	230000	240000	10000	14	8.35E-04
chr6	240000	250000	10000	15	8.95E-04
chr6	250000	260000	10000	5	2.98E-04
chr6	260000	270000	10000	4	2.39E-04
chr7	0	10000	10000	1	5.96E-05
chr7	10000	20000	10000	2	1.19E-04
chr7	20000	30000	10000	5	2.98E-04
chr7	30000	40000	10000	3	1.79E-04
chr7	40000	50000	10000	5	2.98E-04
chr7	50000	60000	10000	4	2.39E-04
chr7	60000	70000	10000	5	2.98E-04
chr7	70000	80000	10000	6	3.58E-04
chr7	80000	90000	10000	1	5.96E-05
chr7	90000	100000	10000	1	5.96E-05
chr7	100000	110000	10000	3	1.79E-04
chr7	110000	120000	10000	2	1.19E-04
chr7	120000	130000	10000	1	5.96E-05
chr7	130000	140000	10000	3	1.79E-04
chr7	140000	150000	10000	4	2.39E-04
chr7	150000	160000	10000	1	5.96E-05
chr7	160000	170000	10000	2	1.19E-04
chr7	170000	180000	10000	1	5.96E-05
chr7	180000	190000	10000	4	2.39E-04
chr7	190000	200000	10000	3	1.79E-04
chr7	200000	210000	10000	6	3.58E-04
chr7	210000	220000	10000	5	2.98E-04
chr7	220000	230000	10000	2	1.19E-04
chr7	230000	240000	10000	4	2.39E-04
chr7	240000	250000	10000	2	1.19E-04
chr7	250000	260000	10000	5	2.98E-04
chr7	260000	270000	10000	1	5.96E-05
chr7	270000	280000	10000	8	4.77E-04
chr7	280000	290000	10000	4	2.39E-04
chr7	290000	300000	10000	3	1.79E-04
chr7	300000	310000	10000	7	4.17E-04
chr7	310000	320000	10000	7	4.17E-04
chr7	320000	330000	10000	2	1.19E-04
chr7	330000	340000	10000	6	3.58E-04
chr7	340000	350000	10000	5	2.98E-04
chr7	350000	360000	10000	8	4.77E-04
chr7	360000	370000	10000	6	3.58E-04
chr7	370000	380000	10000	11	6.56E-04
chr7	380000	390000	10000	9	5.37E-04
chr7	390000	400000	10000	11	6.56E-04
chr7	400000	410000	10000	8	4.77E-04
chr7	410000	420000	10000	11	6.56E-04
chr7	420000	430000	10000	13	7.75E-04
chr7	430000	440000	10000	23	1.37E-03
chr7	440000	450000	10000	11	6.56E-04
chr7	450000	460000	10000	13	7.75E-04
chr7	460000	470000	10000	25	1.49E-03
chr7	470000	480000	10000	22	1.31E-03
chr7	480000	490000	10000	12	7.16E-04
chr7	490000	500000	10000	11	6.56E-04
chr7	500000	510000	10000	14	8.35E-04
chr7	510000	520000	10000	15	8.95E-04
chr7	520000	530000	10000	19	1.13E-03
chr7	530000	540000	10000	12	7.16E-04
chr7	540000	550000	10000	15	8.95E-04
chr7	550000	560000	10000	9	5.37E-04
chr7	560000	570000	10000	7	4.17E-04
chr7	570000	580000	10000	6	3.58E-04
chr7	580000	590000	10000	8	4.77E-04
chr7	590000	600000	10000	11	6.56E-04
chr7	600000	610000	10000	1	5.96E-05
chr7	610000	620000	10000	5	2.98E-04
chr7	620000	630000	10000	3	1.79E-04
chr7	630000	640000	10000	2	1.19E-04
chr7	640000	650000	10000	7	4.17E-04
chr7	650000	660000	10000	7	4.17E-04
chr7	660000	670000	10000	8	4.77E-04
chr7	670000	680000	10000	7	4.17E-04
chr7	680000	690000	10000	2	1.19E-04
chr7	690000	700000	10000	4	2.39E-04
chr7	700000	710000	10000	5	2.98E-04
chr7	710000	720000	10000	1	5.96E-05
chr7	720000	730000	10000	6	3.58E-04
chr7	730000	740000	10000	3	1.79E-04
chr7	740000	750000	10000	5	2.98E-04
chr7	750000	760000	10000	3	1.79E-04
chr7	760000	770000	10000	7	4.17E-04
chr7	770000	780000	10000	3	1.79E-04
chr7	780000	790000	10000	5	2.98E-04
chr7	790000	800000	10000	5	2.98E-04
chr7	800000	810000	10000	4	2.39E-04
chr7	810000	820000	10000	1	5.96E-05
chr7	820000	830000	10000	3	1.79E-04
chr7	830000	840000	10000	1	5.96E-05
chr7	840000	850000	10000	1	5.96E-05
chr7	850000	860000	10000	1	5.96E-05
chr7	860000	870000	10000	11	6.56E-04
chr7	870000	880000	10000	11	6.56E-04
chr7	880000	890000	10000	4	2.39E-04
chr7	890000	900000	10000	4	2.39E-04
chr7	900000	910000	10000	2	1.19E-04
chr7	910000	920000	10000	7	4.17E-04
chr7	920000	930000	10000	1	5.96E-05
chr7	930000	940000	10000	5	2.98E-04
chr7	940000	950000	10000	1	5.96E-05
chr7	950000	960000	10000	4	2.39E-04
chr7	960000	970000	10000	1	5.96E-05
chr7	970000	980000	10000	1	5.96E-05
chr7	980000	990000	10000	5	2.98E-04
chr7	990000	1000000	10000	2	1.19E-04
chr7	1000000	1010000	10000	1	5.96E-05
chr7	1010000	1020000	10000	2	1.19E-04
chr7	1020000	1030000	10000	1	5.96E-05
chr7	1030000	1040000	10000	3	1.79E-04
chr7	1040000	1050000	10000	2	1.19E-04
chr7	1050000	1060000	10000	1	5.96E-05
chr7	1060000	1070000	10000	2	1.19E-04
chr7	1070000	1080000	10000	2	1.19E-04
chr7	1080000	1090000	10000	2	1.19E-04
chr7	1090000	1090940	940	1	5.96E-05
chr8	0	10000	10000	7	4.17E-04
chr8	10000	20000	10000	13	7.75E-04
chr8	20000	30000	10000	8	4.77E-04
chr8	30000	40000	10000	15	8.95E-04
chr8	40000	50000	10000	11	6.56E-04
chr8	50000	60000	10000	18	1.07E-03
chr8	60000	70000	10000	11	6.56E-04
chr8	70000	80000	10000	21	1.25E-03
chr8	80000	90000	10000	5	2.98E-04
chr8	90000	100000	10000	11	6.56E-04
chr8	100000	110000	10000	18	1.07E-03
chr8	110000	120000	10000	21	1.25E-03
chr8	120000	130000	10000	17	1.01E-03
chr8	130000	140000	10000	8	4.77E-04
chr8	140000	150000	10000	12	7.16E-04
chr8	150000	160000	10000	14	8.35E-04
chr8	160000	170000	10000	12	7.16E-04
chr8	170000	180000	10000	13	7.75E-04
chr8	180000	190000	10000	11	6.56E-04
chr8	190000	200000	10000	11	6.56E-04
chr8	200000	210000	10000	11	6.56E-04
chr8	210000	220000	10000	5	2.98E-04
chr8	220000	230000	10000	6	3.58E-04
chr8	230000	240000	10000	13	7.75E-04
chr8	240000	250000	10000	11	6.56E-04
chr8	250000	260000	10000	8	4.77E-04
chr8	260000	270000	10000	4	2.39E-04
chr8	270000	280000	10000	7	4.17E-04
chr8	280000	290000	10000	4	2.39E-04
chr8	290000	300000	10000	5	2.98E-04
chr8	300000	310000	10000	1	5.96E-05
chr8	310000	320000	10000	4	2.39E-04
chr8	320000	330000	10000	3	1.79E-04
chr8	330000	340000	10000	4	2.39E-04
chr8	340000	350000	10000	5	2.98E-04
chr8	350000	360000	10000	4	2.39E-04
chr8	360000	370000	10000	3	1.79E-04
chr8	370000	380000	10000	4	2.39E-04
chr8	380000	390000	10000	6	3.58E-04
chr8	390000	400000	10000	4	2.39E-04
chr8	400000	410000	10000	2	1.19E-04
chr8	410000	420000	10000	2	1.19E-04
chr8	420000	430000	10000	3	1.79E-04
chr8	430000	440000	10000	3	1.79E-04
chr8	440000	450000	10000	2	1.19E-04
chr8	450000	460000	10000	3	1.79E-04
chr8	460000	470000	10000	2	1.19E-04
chr8	470000	480000	10000	5	2.98E-04
chr8	480000	490000	10000	4	2.39E-04
chr8	490000	500000	10000	3	1.79E-04
chr8	500000	510000	10000	1	5.96E-05
chr8	510000	520000	10000	6	3.58E-04
chr8	520000	530000	10000	3	1.79E-04
chr8	530000	540000	10000	1	5.96E-05
chr8	540000	550000	10000	1	5.96E-05
chr8	550000	560000	10000	1	5.96E-05
chr8	560000	562643	2643	1	5.96E-05
chr9	0	10000	10000	1	5.96E-05
chr9	10000	20000	10000	1	5.96E-05
chr9	20000	30000	10000	1	5.96E-05
chr9	30000	40000	10000	6	3.58E-04
chr9	40000	50000	10000	5	2.98E-04
chr9	50000	60000	10000	6	3.58E-04
chr9	60000	70000	10000	6	3.58E-04
chr9	70000	80000	10000	6	3.58E-04
chr9	80000	90000	10000	2	1.19E-04
chr9	90000	100000	10000	6	3.58E-04
chr9	100000	110000	10000	4	2.39E-04
chr9	110000	120000	10000	1	5.96E-05
chr9	120000	130000	10000	1	5.96E-05
chr9	130000	140000	10000	4	2.39E-04
chr9	140000	150000	10000	5	2.98E-04
chr9	150000	160000	10000	2	1.19E-04
chr9	160000	170000	10000	14	8.35E-04
chr9	170000	180000	10000	9	5.37E-04
chr9	180000	190000	10000	4	2.39E-04
chr9	190000	200000	10000	3	1.79E-04
chr9	200000	210000	10000	7	4.17E-04
chr9	210000	220000	10000	6	3.58E-04
chr9	220000	230000	10000	11	6.56E-04
chr9	230000	240000	10000	5	2.98E-04
chr9	240000	250000	10000	9	5.37E-04
chr9	250000	260000	10000	13	7.75E-04
chr9	260000	270000	10000	8	4.77E-04
chr9	270000	280000	10000	18	1.07E-03
chr9	280000	290000	10000	9	5.37E-04
chr9	290000	300000	10000	16	9.54E-04
chr9	300000	310000	10000	17	1.01E-03
chr9	310000	320000	10000	21	1.25E-03
chr9	320000	330000	10000	17	1.01E-03
chr9	330000	340000	10000	12	7.16E-04
chr9	340000	350000	10000	15	8.95E-04
chr9	350000	360000	10000	15	8.95E-04
chr9	360000	370000	10000	11	6.56E-04
chr9	370000	380000	10000	12	7.16E-04
chr9	380000	390000	10000	26	1.55E-03
chr9	390000	400000	10000	12	7.16E-04
chr9	400000	410000	10000	26	1.55E-03
chr9	410000	420000	10000	14	8.35E-04
chr9	420000	430000	10000	2	1.19E-04
chr9	430000	439888	9888	11	6.56E-04
chr10	0	10000	10000	1	5.96E-05
chr10	10000	20000	10000	1	5.96E-05
chr10	20000	30000	10000	2	1.19E-04
chr10	30000	40000	10000	1	5.96E-05
chr10	40000	50000	10000	1	5.96E-05
chr10	50000	60000	10000	2	1.19E-04
chr10	60000	70000	10000	1	5.96E-05
chr10	70000	80000	10000	6	3.58E-04
chr10	80000	90000	10000	4	2.39E-04
chr10	90000	100000	10000	5	2.98E-04
chr10	100000	110000	10000	1	5.96E-05
chr10	110000	120000	10000	3	1.79E-04
chr10	120000	130000	10000	3	1.79E-04
chr10	130000	140000	10000	4	2.39E-04
chr10	140000	150000	10000	4	2.39E-04
chr10	150000	160000	10000	1	5.96E-05
chr10	160000	170000	10000	2	1.19E-04
chr10	170000	180000	10000	3	1.79E-04
chr10	180000	190000	10000	2	1.19E-04
chr10	190000	200000	10000	3	1.79E-04
chr10	200000	210000	10000	4	2.39E-04
chr10	210000	220000	10000	4	2.39E-04
chr10	220000	230000	10000	7	4.17E-04
chr10	230000	240000	10000	6	3.58E-04
chr10	240000	250000	10000	6	3.58E-04
chr10	250000	260000	10000	2	1.19E-04
chr10	260000	270000	10000	3	1.79E-04
chr10	270000	280000	10000	2	1.19E-04
chr10	280000	290000	10000	6	3.58E-04
chr10	290000	300000	10000	6	3.58E-04
chr10	300000	310000	10000	5	2.98E-04
chr10	310000	320000	10000	4	2.39E-04
chr10	320000	330000	10000	7	4.17E-04
chr10	330000	340000	10000	4	2.39E-04
chr10	340000	350000	10000	6	3.58E-04
chr10	350000	360000	10000	1	5.96E-05
chr10	360000	370000	10000	11	6.56E-04
chr10	370000	380000	10000	14	8.35E-04
chr10	380000	390000	10000	15	8.95E-04
chr10	390000	400000	10000	15	8.95E-04
chr10	400000	410000	10000	12	7.16E-04
chr10	410000	420000	10000	22	1.31E-03
chr10	420000	430000	10000	9	5.37E-04
chr10	430000	440000	10000	8	4.77E-04
chr10	440000	450000	10000	13	7.75E-04
chr10	450000	460000	10000	11	6.56E-04
chr10	460000	470000	10000	11	6.56E-04
chr10	470000	480000	10000	3	1.79E-04
chr10	480000	490000	10000	7	4.17E-04
chr10	490000	500000	10000	15	8.95E-04
chr10	500000	510000	10000	16	9.54E-04
chr10	510000	520000	10000	8	4.77E-04
chr10	520000	530000	10000	8	4.77E-04
chr10	530000	540000	10000	6	3.58E-04
chr10	540000	550000	10000	3	1.79E-04
chr10	550000	560000	10000	8	4.77E-04
chr10	560000	570000	10000	5	2.98E-04
chr10	570000	580000	10000	8	4.77E-04
chr10	580000	590000	10000	4	2.39E-04
chr10	590000	600000	10000	8	4.77E-04
chr10	600000	610000	10000	8	4.77E-04
chr10	610000	620000	10000	5	2.98E-04
chr10	620000	630000	10000	8	4.77E-04
chr10	630000	640000	10000	8	4.77E-04
chr10	640000	650000	10000	9	5.37E-04
chr10	650000	660000	10000	4	2.39E-04
chr10	660000	670000	10000	6	3.58E-04
chr10	670000	680000	10000	2	1.19E-04
chr10	680000	690000	10000	7	4.17E-04
chr10	690000	700000	10000	3	1.79E-04
chr10	700000	710000	10000	5	2.98E-04
chr10	710000	720000	10000	4	2.39E-04
chr10	720000	730000	10000	5	2.98E-04
chr10	730000	740000	10000	1	5.96E-05
chr10	740000	745751	5751	1	5.96E-05
chr11	0	10000	10000	1	5.96E-05
chr11	10000	20000	10000	2	1.19E-04
chr11	20000	30000	10000	4	2.39E-04
chr11	30000	40000	10000	2	1.19E-04
chr11	40000	50000	10000	5	2.98E-04
chr11	50000	60000	10000	2	1.19E-04
chr11	60000	70000	10000	1	5.96E-05
chr11	70000	80000	10000	7	4.17E-04
chr11	80000	90000	10000	6	3.58E-04
chr11	90000	100000	10000	5	2.98E-04
chr11	100000	110000	10000	5	2.98E-04
chr11	110000	120000	10000	1	5.96E-05
chr11	120000	130000	10000	4	2.39E-04
chr11	130000	140000	10000	3	1.79E-04
chr11	140000	150000	10000	5	2.98E-04
chr11	150000	160000	10000	3	1.79E-04
chr11	160000	170000	10000	1	5.96E-05
chr11	170000	180000	10000	1	5.96E-05
chr11	180000	190000	10000	6	3.58E-04
chr11	190000	200000	10000	6	3.58E-04
chr11	200000	210000	10000	6	3.58E-04
chr11	210000	220000	10000	3	1.79E-04
chr11	220000	230000	10000	7	4.17E-04
chr11	230000	240000	10000	4	2.39E-04
chr11	240000	250000	10000	5	2.98E-04
chr11	250000	260000	10000	5	2.98E-04
chr11	260000	270000	10000	7	4.17E-04
chr11	270000	280000	10000	4	2.39E-04
chr11	280000	290000	10000	5	2.98E-04
chr11	290000	300000	10000	8	4.77E-04
chr11	300000	310000	10000	5	2.98E-04
chr11	310000	320000	10000	3	1.79E-04
chr11	320000	330000	10000	5	2.98E-04
chr11	330000	340000	10000	6	3.58E-04
chr11	340000	350000	10000	9	5.37E-04
chr11	350000	360000	10000	5	2.98E-04
chr11	360000	370000	10000	15	8.95E-04
chr11	370000	380000	10000	18	1.07E-03
chr11	380000	390000	10000	21	1.25E-03
chr11	390000	400000	10000	18	1.07E-03
chr11	400000	410000	10000	14	8.35E-04
chr11	410000	420000	10000	26	1.55E-03
chr11	420000	430000	10000	18	1.07E-03
chr11	430000	440000	10000	11	6.56E-04
chr11	440000	450000	10000	14	8.35E-04
chr11	450000	460000	10000	11	6.56E-04
chr11	460000	470000	10000	21	1.25E-03
chr11	470000	480000	10000	24	1.43E-03
chr11	480000	490000	10000	11	6.56E-04
chr11	490000	500000	10000	14	8.35E-04
chr11	500000	510000	10000	18	1.07E-03
chr11	510000	520000	10000	11	6.56E-04
chr11	520000	530000	10000	14	8.35E-04
chr11	530000	540000	10000	7	4.17E-04
chr11	540000	550000	10000	6	3.58E-04
chr11	550000	560000	10000	13	7.75E-04
chr11	560000	570000	10000	12	7.16E-04
chr11	570000	580000	10000	6	3.58E-04
chr11	580000	590000	10000	7	4.17E-04
chr11	590000	600000	10000	7	4.17E-04
chr11	600000	610000	10000	8	4.77E-04
chr11	610000	620000	10000	4	2.39E-04
chr11	620000	630000	10000	3	1.79E-04
chr11	630000	640000	10000	1	5.96E-05
chr11	640000	650000	10000	6	3.58E-04
chr11	650000	660000	10000	6	3.58E-04
chr11	660000	666816	6816	2	1.19E-04
chr12	0	10000	10000	1	5.96E-05
chr12	10000	20000	10000	1	5.96E-05
chr12	20000	30000	10000	3	1.79E-04
chr12	30000	40000	10000	7	4.17E-04
chr12	40000	50000	10000	11	6.56E-04
chr12	50000	60000	10000	11	6.56E-04
chr12	60000	70000	10000	14	8.35E-04
chr12	70000	80000	10000	9	5.37E-04
chr12	80000	90000	10000	11	6.56E-04
chr12	90000	100000	10000	12	7.16E-04
chr12	100000	110000	10000	11	6.56E-04
chr12	110000	120000	10000	13	7.75E-04
chr12	120000	130000	10000	27	1.61E-03
chr12	130000	140000	10000	14	8.35E-04
chr12	140000	150000	10000	17	1.01E-03
chr12	150000	160000	10000	11	6.56E-04
chr12	160000	170000	10000	26	1.55E-03
chr12	170000	180000	10000	14	8.35E-04
chr12	180000	190000	10000	22	1.31E-03
chr12	190000	200000	10000	19	1.13E-03
chr12	200000	210000	10000	8	4.77E-04
chr12	210000	220000	10000	3	1.79E-04
chr12	220000	230000	10000	9	5.37E-04
chr12	230000	240000	10000	13	7.75E-04
chr12	240000	250000	10000	9	5.37E-04
chr12	250000	260000	10000	6	3.58E-04
chr12	260000	270000	10000	6	3.58E-04
chr12	270000	280000	10000	6	3.58E-04
chr12	280000	290000	10000	7	4.17E-04
chr12	290000	300000	10000	1	5.96E-05
chr12	300000	310000	10000	2	1.19E-04
chr12	310000	320000	10000	5	2.98E-04
chr12	320000	330000	10000	3	1.79E-04
chr12	330000	340000	10000	5	2.98E-04
chr12	340000	350000	10000	3	1.79E-04
chr12	350000	360000	10000	4	2.39E-04
chr12	360000	370000	10000	1	5.96E-05
chr12	370000	380000	10000	3	1.79E-04
chr12	380000	390000	10000	4	2.39E-04
chr12	390000	400000	10000	3	1.79E-04
chr12	400000	410000	10000	2	1.19E-04
chr12	410000	420000	10000	4	2.39E-04
chr12	420000	430000	10000	1	5.96E-05
chr12	430000	440000	10000	1	5.96E-05
chr12	440000	450000	10000	1	5.96E-05
chr12	450000	460000	10000	1	5.96E-05
chr12	460000	470000	10000	5	2.98E-04
chr12	470000	480000	10000	1	5.96E-05
chr12	480000	490000	10000	1	5.96E-05
chr12	490000	500000	10000	3	1.79E-04
chr12	500000	510000	10000	2	1.19E-04
chr12	510000	520000	10000	2	1.19E-04
chr12	520000	530000	10000	3	1.79E-04
chr12	530000	540000	10000	1	5.96E-05
chr12	540000	550000	10000	1	5.96E-05
chr12	550000	560000	10000	1	5.96E-05
chr12	560000	570000	10000	2	1.19E-04
chr12	570000	580000	10000	2	1.19E-04
chr12	580000	590000	10000	1	5.96E-05
chr12	590000	600000	10000	1	5.96E-05
chr12	600000	610000	10000	3	1.79E-04
chr12	610000	620000	10000	2	1.19E-04
chr12	620000	630000	10000	1	5.96E-05
chr12	630000	640000	10000	1	5.96E-05
chr12	640000	650000	10000	1	5.96E-05
chr12	650000	660000	10000	1	5.96E-05
chr12	660000	670000	10000	2	1.19E-04
chr12	670000	680000	10000	3	1.79E-04
chr12	680000	690000	10000	1	5.96E-05
chr12	690000	700000	10000	3	1.79E-04
chr12	700000	710000	10000	1	5.96E-05
chr12	710000	720000	10000	1	5.96E-05
chr12	720000	730000	10000	3	1.79E-04
chr12	730000	740000	10000	1	5.96E-05
chr12	740000	750000	10000	1	5.96E-05
chr12	750000	760000	10000	5	2.98E-04
chr12	760000	770000	10000	2	1.19E-04
chr12	770000	780000	10000	1	5.96E-05
chr12	780000	790000	10000	1	5.96E-05
chr12	790000	800000	10000	1	5.96E-05
chr12	800000	810000	10000	1	5.96E-05
chr12	810000	820000	10000	4	2.39E-04
chr12	820000	830000	10000	2	1.19E-04
chr12	830000	840000	10000	1	5.96E-05
chr12	840000	850000	10000	1	5.96E-05
chr12	850000	860000	10000	1	5.96E-05
chr12	860000	870000	10000	1	5.96E-05
chr12	870000	880000	10000	1	5.96E-05
chr12	880000	890000	10000	2	1.19E-04
chr12	890000	900000	10000	2	1.19E-04
chr12	900000	910000	10000	1	5.96E-05
chr12	910000	920000	10000	3	1.79E-04
chr12	920000	930000	10000	2	1.19E-04
chr12	930000	940000	10000	2	1.19E-04
chr12	940000	950000	10000	1	5.96E-05
chr12	950000	960000	10000	1	5.96E-05
chr12	960000	970000	10000	1	5.96E-05
chr12	970000	980000	10000	1	5.96E-05
chr12	980000	990000	10000	2	1.19E-04
chr12	990000	1000000	10000	1	5.96E-05
chr12	1000000	1010000	10000	1	5.96E-05
chr12	1010000	1020000	10000	1	5.96E-05
chr12	1020000	1030000	10000	3	1.79E-04
chr12	1030000	1040000	10000	4	2.39E-04
chr12	1040000	1050000	10000	1	5.96E-05
chr12	1050000	1060000	10000	1	5.96E-05
chr12	1060000	1070000	10000	1	5.96E-05
chr12	1070000	1078177	8177	1	5.96E-05
chr13	0	10000	10000	1	5.96E-05
chr13	10000	20000	10000	5	2.98E-04
chr13	20000	30000	10000	7	4.17E-04
chr13	30000	40000	10000	8	4.77E-04
chr13	40000	50000	10000	5	2.98E-04
chr13	50000	60000	10000	6	3.58E-04
chr13	60000	70000	10000	5	2.98E-04
chr13	70000	80000	10000	7	4.17E-04
chr13	80000	90000	10000	4	2.39E-04
chr13	90000	100000	10000	2	1.19E-04
chr13	100000	110000	10000	5	2.98E-04
chr13	110000	120000	10000	3	1.79E-04
chr13	120000	130000	10000	13	7.75E-04
chr13	130000	140000	10000	6	3.58E-04
chr13	140000	150000	10000	11	6.56E-04
chr13	150000	160000	10000	3	1.79E-04
chr13	160000	170000	10000	11	6.56E-04
chr13	170000	180000	10000	6	3.58E-04
chr13	180000	190000	10000	4	2.39E-04
chr13	190000	200000	10000	5	2.98E-04
chr13	200000	210000	10000	11	6.56E-04
chr13	210000	220000	10000	21	1.25E-03
chr13	220000	230000	10000	15	8.95E-04
chr13	230000	240000	10000	18	1.07E-03
chr13	240000	250000	10000	24	1.43E-03
chr13	250000	260000	10000	7	4.17E-04
chr13	260000	270000	10000	18	1.07E-03
chr13	270000	280000	10000	19	1.13E-03
chr13	280000	290000	10000	15	8.95E-04
chr13	290000	300000	10000	16	9.54E-04
chr13	300000	310000	10000	22	1.31E-03
chr13	310000	320000	10000	13	7.75E-04
chr13	320000	330000	10000	11	6.56E-04
chr13	330000	340000	10000	14	8.35E-04
chr13	340000	350000	10000	17	1.01E-03
chr13	350000	360000	10000	8	4.77E-04
chr13	360000	370000	10000	11	6.56E-04
chr13	370000	380000	10000	5	2.98E-04
chr13	380000	390000	10000	3	1.79E-04
chr13	390000	400000	10000	6	3.58E-04
chr13	400000	410000	10000	9	5.37E-04
chr13	410000	420000	10000	2	1.19E-04
chr13	420000	430000	10000	9	5.37E-04
chr13	430000	440000	10000	1	5.96E-05
chr13	440000	450000	10000	3	1.79E-04
chr13	450000	460000	10000	7	4.17E-04
chr13	460000	470000	10000	5	2.98E-04
chr13	470000	480000	10000	6	3.58E-04
chr13	480000	490000	10000	4	2.39E-04
chr13	490000	500000	10000	5	2.98E-04
chr13	500000	510000	10000	1	5.96E-05
chr13	510000	520000	10000	1	5.96E-05
chr13	520000	530000	10000	3	1.79E-04
chr13	530000	540000	10000	4	2.39E-04
chr13	540000	550000	10000	3	1.79E-04
chr13	550000	560000	10000	4	2.39E-04
chr13	560000	570000	10000	2	1.19E-04
chr13	570000	580000	10000	2	1.19E-04
chr13	580000	590000	10000	1	5.96E-05
chr13	590000	600000	10000	2	1.19E-04
chr13	600000	610000	10000	1	5.96E-05
chr13	610000	620000	10000	3	1.79E-04
chr13	620000	630000	10000	2	1.19E-04
chr13	630000	640000	10000	1	5.96E-05
chr13	640000	650000	10000	2	1.19E-04
chr13	650000	660000	10000	2	1.19E-04
chr13	660000	670000	10000	3	1.79E-04
chr13	670000	680000	10000	3	1.79E-04
chr13	680000	690000	10000	4	2.39E-04
chr13	690000	700000	10000	2	1.19E-04
chr13	700000	710000	10000	3	1.79E-04
chr13	710000	720000	10000	1	5.96E-05
chr13	720000	730000	10000	4	2.39E-04
chr13	730000	740000	10000	8	4.77E-04
chr13	740000	750000	10000	1	5.96E-05
chr13	750000	760000	10000	1	5.96E-05
chr13	760000	770000	10000	3	1.79E-04
chr13	770000	780000	10000	3	1.79E-04
chr13	780000	790000	10000	2	1.19E-04
chr13	790000	800000	10000	3	1.79E-04
chr13	800000	810000	10000	3	1.79E-04
chr13	810000	820000	10000	5	2.98E-04
chr13	820000	830000	10000	2	1.19E-04
chr13	830000	840000	10000	1	5.96E-05
chr13	840000	850000	10000	4	2.39E-04
chr13	850000	860000	10000	3	1.79E-04
chr13	860000	870000	10000	6	3.58E-04
chr13	870000	880000	10000	3	1.79E-04
chr13	880000	890000	10000	4	2.39E-04
chr13	890000	900000	10000	5	2.98E-04
chr13	900000	910000	10000	3	1.79E-04
chr13	910000	920000	10000	2	1.19E-04
chr13	920000	924431	4431	1	5.96E-05
chr14	0	10000	10000	1	5.96E-05
chr14	10000	20000	10000	1	5.96E-05
chr14	20000	30000	10000	3	1.79E-04
chr14	30000	40000	10000	1	5.96E-05
chr14	40000	50000	10000	2	1.19E-04
chr14	50000	60000	10000	2	1.19E-04
chr14	60000	70000	10000	4	2.39E-04
chr14	70000	80000	10000	2	1.19E-04
chr14	80000	90000	10000	3	1.79E-04
chr14	90000	100000	10000	5	2.98E-04
chr14	100000	110000	10000	1	5.96E-05
chr14	110000	120000	10000	5	2.98E-04
chr14	120000	130000	10000	1	5.96E-05
chr14	130000	140000	10000	3	1.79E-04
chr14	140000	150000	10000	3	1.79E-04
chr14	150000	160000	10000	1	5.96E-05
chr14	160000	170000	10000	1	5.96E-05
chr14	170000	180000	10000	2	1.19E-04
chr14	180000	190000	10000	6	3.58E-04
chr14	190000	200000	10000	1	5.96E-05
chr14	200000	210000	10000	3	1.79E-04
chr14	210000	220000	10000	1	5.96E-05
chr14	220000	230000	10000	3	1.79E-04
chr14	230000	240000	10000	1	5.96E-05
chr14	240000	250000	10000	1	5.96E-05
chr14	250000	260000	10000	3	1.79E-04
chr14	260000	270000	10000	1	5.96E-05
chr14	270000	280000	10000	3	1.79E-04
chr14	280000	290000	10000	1	5.96E-05
chr14	290000	300000	10000	6	3.58E-04
chr14	300000	310000	10000	3	1.79E-04
chr14	310000	320000	10000	2	1.19E-04
chr14	320000	330000	10000	3	1.79E-04
chr14	330000	340000	10000	4	2.39E-04
chr14	340000	350000	10000	4	2.39E-04
chr14	350000	360000	10000	3	1.79E-04
chr14	360000	370000	10000	8	4.77E-04
chr14	370000	380000	10000	1	5.96E-05
chr14	380000	390000	10000	4	2.39E-04
chr14	390000	400000	10000	4	2.39E-04
chr14	400000	410000	10000	11	6.56E-04
chr14	410000	420000	10000	5	2.98E-04
chr14	420000	430000	10000	3	1.79E-04
chr14	430000	440000	10000	5	2.98E-04
chr14	440000	450000	10000	2	1.19E-04
chr14	450000	460000	10000	6	3.58E-04
chr14	460000	470000	10000	6	3.58E-04
chr14	470000	480000	10000	9	5.37E-04
chr14	480000	490000	10000	5	2.98E-04
chr14	490000	500000	10000	12	7.16E-04
chr14	500000	510000	10000	6	3.58E-04
chr14	510000	520000	10000	8	4.77E-04
chr14	520000	530000	10000	3	1.79E-04
chr14	530000	540000	10000	13	7.75E-04
chr14	540000	550000	10000	11	6.56E-04
chr14	550000	560000	10000	15	8.95E-04
chr14	560000	570000	10000	2	1.19E-04
chr14	570000	580000	10000	8	4.77E-04
chr14	580000	590000	10000	16	9.54E-04
chr14	590000	600000	10000	18	1.07E-03
chr14	600000	610000	10000	14	8.35E-04
chr14	610000	620000	10000	13	7.75E-04
chr14	620000	630000	10000	12	7.16E-04
chr14	630000	640000	10000	24	1.43E-03
chr14	640000	650000	10000	22	1.31E-03
chr14	650000	660000	10000	19	1.13E-03
chr14	660000	670000	10000	13	7.75E-04
chr14	670000	680000	10000	17	1.01E-03
chr14	680000	690000	10000	18	1.07E-03
chr14	690000	700000	10000	14	8.35E-04
chr14	700000	710000	10000	13	7.75E-04
chr14	710000	720000	10000	16	9.54E-04
chr14	720000	730000	10000	11	6.56E-04
chr14	730000	740000	10000	17	1.01E-03
chr14	740000	750000	10000	8	4.77E-04
chr14	750000	760000	10000	14	8.35E-04
chr14	760000	770000	10000	3	1.79E-04
chr14	770000	780000	10000	1	5.96E-05
chr14	780000	784333	4333	1	5.96E-05
chr15	0	10000	10000	4	2.39E-04
chr15	10000	20000	10000	1	5.96E-05
chr15	20000	30000	10000	2	1.19E-04
chr15	30000	40000	10000	5	2.98E-04
chr15	40000	50000	10000	3	1.79E-04
chr15	50000	60000	10000	4	2.39E-04
chr15	60000	70000	10000	1	5.96E-05
chr15	70000	80000	10000	6	3.58E-04
chr15	80000	90000	10000	4	2.39E-04
chr15	90000	100000	10000	5	2.98E-04
chr15	100000	110000	10000	7	4.17E-04
chr15	110000	120000	10000	6	3.58E-04
chr15	120000	130000	10000	5	2.98E-04
chr15	130000	140000	10000	7	4.17E-04
chr15	140000	150000	10000	8	4.77E-04
chr15	150000	160000	10000	4	2.39E-04
chr15	160000	170000	10000	4	2.39E-04
chr15	170000	180000	10000	2	1.19E-04
chr15	180000	190000	10000	3	1.79E-04
chr15	190000	200000	10000	9	5.37E-04
chr15	200000	210000	10000	11	6.56E-04
chr15	210000	220000	10000	11	6.56E-04
chr15	220000	230000	10000	8	4.77E-04
chr15	230000	240000	10000	8	4.77E-04
chr15	240000	250000	10000	9	5.37E-04
chr15	250000	260000	10000	13	7.75E-04
chr15	260000	270000	10000	9	5.37E-04
chr15	270000	280000	10000	11	6.56E-04
chr15	280000	290000	10000	12	7.16E-04
chr15	290000	300000	10000	17	1.01E-03
chr15	300000	310000	10000	13	7.75E-04
chr15	310000	320000	10000	12	7.16E-04
chr15	320000	330000	10000	11	6.56E-04
chr15	330000	340000	10000	21	1.25E-03
chr15	340000	350000	10000	15	8.95E-04
chr15	350000	360000	10000	27	1.61E-03
chr15	360000	370000	10000	16	9.54E-04
chr15	370000	380000	10000	15	8.95E-04
chr15	380000	390000	10000	17	1.01E-03
chr15	390000	400000	10000	11	6.56E-04
chr15	400000	410000	10000	8	4.77E-04
chr15	410000	420000	10000	7	4.17E-04
chr15	420000	430000	10000	8	4.77E-04
chr15	430000	440000	10000	7	4.17E-04
chr15	440000	450000	10000	2	1.19E-04
chr15	450000	460000	10000	7	4.17E-04
chr15	460000	470000	10000	5	2.98E-04
chr15	470000	480000	10000	6	3.58E-04
chr15	480000	490000	10000	5	2.98E-04
chr15	490000	500000	10000	9	5.37E-04
chr15	500000	510000	10000	5	2.98E-04
chr15	510000	520000	10000	7	4.17E-04
chr15	520000	530000	10000	7	4.17E-04
chr15	530000	540000	10000	5	2.98E-04
chr15	540000	550000	10000	5	2.98E-04
chr15	550000	560000	10000	5	2.98E-04
chr15	560000	570000	10000	2	1.19E-04
chr15	570000	580000	10000	2	1.19E-04
chr15	580000	590000	10000	3	1.79E-04
chr15	590000	600000	10000	2	1.19E-04
chr15	600000	610000	10000	2	1.19E-04
chr15	610000	620000	10000	4	2.39E-04
chr15	620000	630000	10000	1	5.96E-05
chr15	630000	640000	10000	4	2.39E-04
chr15	640000	650000	10000	6	3.58E-04
chr15	650000	660000	10000	1	5.96E-05
chr15	660000	670000	10000	1	5.96E-05
chr15	670000	680000	10000	2	1.19E-04
chr15	680000	690000	10000	4	2.39E-04
chr15	690000	700000	10000	3	1.79E-04
chr15	700000	710000	10000	2	1.19E-04
chr15	710000	720000	10000	3	1.79E-04
chr15	720000	730000	10000	2	1.19E-04
chr15	730000	740000	10000	2	1.19E-04
chr15	740000	750000	10000	5	2.98E-04
chr15	750000	760000	10000	1	5.96E-05
chr15	760000	770000	10000	3	1.79E-04
chr15	770000	780000	10000	3	1.79E-04
chr15	780000	790000	10000	1	5.96E-05
chr15	790000	800000	10000	1	5.96E-05
chr15	800000	810000	10000	7	4.17E-04
chr15	810000	820000	10000	3	1.79E-04
chr15	820000	830000	10000	3	1.79E-04
chr15	830000	840000	10000	2	1.19E-04
chr15	840000	850000	10000	2	1.19E-04
chr15	850000	860000	10000	2	1.19E-04
chr15	860000	870000	10000	2	1.19E-04
chr15	870000	880000	10000	3	1.79E-04
chr15	880000	890000	10000	2	1.19E-04
chr15	890000	900000	10000	2	1.19E-04
chr15	900000	910000	10000	4	2.39E-04
chr15	910000	920000	10000	5	2.98E-04
chr15	920000	930000	10000	3	1.79E-04
chr15	930000	940000	10000	4	2.39E-04
chr15	940000	950000	10000	4	2.39E-04
chr15	950000	960000	10000	2	1.19E-04
chr15	960000	970000	10000	1	5.96E-05
chr15	970000	980000	10000	1	5.96E-05
chr15	980000	990000	10000	2	1.19E-04
chr15	990000	1000000	10000	4	2.39E-04
chr15	1000000	1010000	10000	5	2.98E-04
chr15	1010000	1020000	10000	2	1.19E-04
chr15	1020000	1030000	10000	1	5.96E-05
chr15	1030000	1040000	10000	6	3.58E-04
chr15	1040000	1050000	10000	2	1.19E-04
chr15	1050000	1060000	10000	3	1.79E-04
chr15	1060000	1070000	10000	2	1.19E-04
chr15	1070000	1080000	10000	3	1.79E-04
chr15	1080000	1090000	10000	1	5.96E-05
chr15	1090000	1091291	1291	1	5.96E-05
chr16	0	10000	10000	1	5.96E-05
chr16	10000	20000	10000	1	5.96E-05
chr16	20000	30000	10000	1	5.96E-05
chr16	30000	40000	10000	5	2.98E-04
chr16	40000	50000	10000	4	2.39E-04
chr16	50000	60000	10000	1	5.96E-05
chr16	60000	70000	10000	1	5.96E-05
chr16	70000	80000	10000	5	2.98E-04
chr16	80000	90000	10000	5	2.98E-04
chr16	90000	100000	10000	3	1.79E-04
chr16	100000	110000	10000	3	1.79E-04
chr16	110000	120000	10000	4	2.39E-04
chr16	120000	130000	10000	2	1.19E-04
chr16	130000	140000	10000	3	1.79E-04
chr16	140000	150000	10000	4	2.39E-04
chr16	150000	160000	10000	5	2.98E-04
chr16	160000	170000	10000	5	2.98E-04
chr16	170000	180000	10000	4	2.39E-04
chr16	180000	190000	10000	5	2.98E-04
chr16	190000	200000	10000	1	5.96E-05
chr16	200000	210000	10000	2	1.19E-04
chr16	210000	220000	10000	1	5.96E-05
chr16	220000	230000	10000	3	1.79E-04
chr16	230000	240000	10000	1	5.96E-05
chr16	240000	250000	10000	4	2.39E-04
chr16	250000	260000	10000	5	2.98E-04
chr16	260000	270000	10000	3	1.79E-04
chr16	270000	280000	10000	5	2.98E-04
chr16	280000	290000	10000	1	5.96E-05
chr16	290000	300000	10000	4	2.39E-04
chr16	300000	310000	10000	5	2.98E-04
chr16	310000	320000	10000	4	2.39E-04
chr16	320000	330000	10000	1	5.96E-05
chr16	330000	340000	10000	6	3.58E-04
chr16	340000	350000	10000	6	3.58E-04
chr16	350000	360000	10000	5	2.98E-04
chr16	360000	370000	10000	2	1.19E-04
chr16	370000	380000	10000	7	4.17E-04
chr16	380000	390000	10000	4	2.39E-04
chr16	390000	400000	10000	9	5.37E-04
chr16	400000	410000	10000	5	2.98E-04
chr16	410000	420000	10000	12	7.16E-04
chr16	420000	430000	10000	11	6.56E-04
chr16	430000	440000	10000	8	4.77E-04
chr16	440000	450000	10000	3	1.79E-04
chr16	450000	460000	10000	12	7.16E-04
chr16	460000	470000	10000	8	4.77E-04
chr16	470000	480000	10000	8	4.77E-04
chr16	480000	490000	10000	5	2.98E-04
chr16	490000	500000	10000	16	9.54E-04
chr16	500000	510000	10000	22	1.31E-03
chr16	510000	520000	10000	15	8.95E-04
chr16	520000	530000	10000	19	1.13E-03
chr16	530000	540000	10000	19	1.13E-03
chr16	540000	550000	10000	9	5.37E-04
chr16	550000	560000	10000	13	7.75E-04
chr16	560000	570000	10000	11	6.56E-04
chr16	570000	580000	10000	22	1.31E-03
chr16	580000	590000	10000	22	1.31E-03
chr16	590000	600000	10000	19	1.13E-03
chr16	600000	610000	10000	11	6.56E-04
chr16	610000	620000	10000	19	1.13E-03
chr16	620000	630000	10000	12	7.16E-04
chr16	630000	640000	10000	9	5.37E-04
chr16	640000	650000	10000	7	4.17E-04
chr16	650000	660000	10000	9	5.37E-04
chr16	660000	670000	10000	8	4.77E-04
chr16	670000	680000	10000	6	3.58E-04
chr16	680000	690000	10000	11	6.56E-04
chr16	690000	700000	10000	6	3.58E-04
chr16	700000	710000	10000	6	3.58E-04
chr16	710000	720000	10000	6	3.58E-04
chr16	720000	730000	10000	4	2.39E-04
chr16	730000	740000	10000	5	2.98E-04
chr16	740000	750000	10000	2	1.19E-04
chr16	750000	760000	10000	2	1.19E-04
chr16	760000	770000	10000	3	1.79E-04
chr16	770000	780000	10000	5	2.98E-04
chr16	780000	790000	10000	6	3.58E-04
chr16	790000	800000	10000	3	1.79E-04
chr16	800000	810000	10000	2	1.19E-04
chr16	810000	820000	10000	1	5.96E-05
chr16	820000	830000	10000	4	2.39E-04
chr16	830000	840000	10000	5	2.98E-04
chr16	840000	850000	10000	2	1.19E-04
chr16	850000	860000	10000	1	5.96E-05
chr16	860000	870000	10000	6	3.58E-04
chr16	870000	880000	10000	2	1.19E-04
chr16	880000	890000	10000	3	1.79E-04
chr16	890000	900000	10000	5	2.98E-04
chr16	900000	910000	10000	4	2.39E-04
chr16	910000	920000	10000	2	1.19E-04
chr16	920000	930000	10000	4	2.39E-04
chr16	930000	940000	10000	3	1.79E-04
chr16	940000	948066	8066	4	2.39E-04
